<?xml version="1.0" encoding="UTF-8"?>
<project-private xmlns="http://www.netbeans.org/ns/project-private/1">
    <editor-bookmarks xmlns="http://www.netbeans.org/ns/editor-bookmarks/2" lastBookmarkId="0"/>
    <open-files xmlns="http://www.netbeans.org/ns/projectui-open-files/2">
        <group name="Proftaak">
            <file>file:/C:/Users/Jean%20Paul/Documents/NetBeansProjects/angular/rekeningrijden_RekeningAdministratie/rekeningAdministratieAngular/src/environments/environment.ts</file>
            <file>file:/C:/Users/Jean%20Paul/Documents/NetBeansProjects/angular/rekeningrijden_RekeningAdministratie/rekeningAdministratieAngular/src/app/body/home.html</file>
            <file>file:/C:/Users/Jean%20Paul/Documents/NetBeansProjects/angular/rekeningrijden_RekeningAdministratie/rekeningAdministratieAngular/src/index.html</file>
            <file>file:/C:/Users/Jean%20Paul/Documents/NetBeansProjects/angular/rekeningrijden_RekeningAdministratie/rekeningAdministratieAngular/src/environments/environment.prod.ts</file>
        </group>
    </open-files>
</project-private>
